{
    "name": "job_role",
    "roles": [
        "job_role"
    ],
    "lookups": [
        "free-text",
        "keywords"
    ],
    "keywords": [
        {
            "keyword": "Backend Developer",
            "synonyms": [
                "backend developer"
            ]
        },
        {
            "keyword": "Graphic designer",
            "synonyms": [
                "graphic designer"
            ]
        },
        {
            "keyword": "It",
            "synonyms": [
                "it"
            ]
        },
        {
            "keyword": "PRoduct desiner",
            "synonyms": [
                "product desiner"
            ]
        },
        {
            "keyword": "Tech",
            "synonyms": [
                "tech"
            ]
        },
        {
            "keyword": "bartender",
            "synonyms": [
                "bartender"
            ]
        },
        {
            "keyword": "cashier",
            "synonyms": [
                "cashier"
            ]
        },
        {
            "keyword": "chef",
            "synonyms": [
                "chef"
            ]
        },
        {
            "keyword": "doctor",
            "synonyms": [
                "doctor"
            ]
        },
        {
            "keyword": "doct\u1ecf",
            "synonyms": [
                "doct\u1ecf"
            ]
        },
        {
            "keyword": "fireman",
            "synonyms": [
                "fireman"
            ]
        },
        {
            "keyword": "go here and there",
            "synonyms": [
                "go here and there"
            ]
        },
        {
            "keyword": "graphic deign",
            "synonyms": [
                "graphic deign"
            ]
        },
        {
            "keyword": "graphic desginer",
            "synonyms": [
                "graphic desginer"
            ]
        },
        {
            "keyword": "graphic design",
            "synonyms": [
                "graphic deign",
                "graphic design"
            ]
        },
        {
            "keyword": "internship",
            "synonyms": [
                "internship",
                "nternship"
            ]
        },
        {
            "keyword": "manager",
            "synonyms": [
                "manager"
            ]
        },
        {
            "keyword": "nternship",
            "synonyms": [
                "nternship"
            ]
        },
        {
            "keyword": "ntership",
            "synonyms": [
                "ntership"
            ]
        },
        {
            "keyword": "plumber",
            "synonyms": [
                "plumber"
            ]
        },
        {
            "keyword": "product design",
            "synonyms": [
                "product design"
            ]
        },
        {
            "keyword": "product manager",
            "synonyms": [
                "product manager"
            ]
        },
        {
            "keyword": "production manager",
            "synonyms": [
                "production manager"
            ]
        },
        {
            "keyword": "programmer",
            "synonyms": [
                "programmer"
            ]
        },
        {
            "keyword": "project manager",
            "synonyms": [
                "project manager"
            ]
        },
        {
            "keyword": "sales manager",
            "synonyms": [
                "sales manager"
            ]
        },
        {
            "keyword": "sales person",
            "synonyms": [
                "sales person"
            ]
        },
        {
            "keyword": "software developer",
            "synonyms": [
                "software developer"
            ]
        },
        {
            "keyword": "software engineer",
            "synonyms": [
                "software engineer",
                "software enginner"
            ]
        },
        {
            "keyword": "software enginner",
            "synonyms": [
                "software enginner"
            ]
        },
        {
            "keyword": "student manager",
            "synonyms": [
                "student manager"
            ]
        },
        {
            "keyword": "ux designer",
            "synonyms": [
                "ux designer"
            ]
        },
        {
            "keyword": "web developer",
            "synonyms": [
                "web developer"
            ]
        }
    ]
}
